Taille,Temps Insertion,Temps Recherche,Temps Suppression
100,0.000000,0.000000,0.000000
500,0.000000,0.000000,0.000000
1000,0.000000,0.001000,0.000000
5000,0.000000,0.022000,0.001000
10000,0.000000,0.063000,0.001000
20000,0.002000,0.193000,0.002000
50000,0.002000,1.002000,0.008000
100000,0.005000,3.832000,0.021000
200000,0.009000,27.654000,0.112000
500000,0.048000,149.251000,0.222000
