Taille,Temps Insertion,Temps Recherche,Temps Suppression
100,0.000000,0.000000,0.000000
500,0.000000,0.001000,0.000000
1000,0.000000,0.001000,0.000000
5000,0.000000,0.019000,0.000000
10000,0.001000,0.084000,0.003000
20000,0.002000,0.284000,0.004000
50000,0.002000,1.450000,0.018000
100000,0.008000,5.686000,0.026000
200000,0.010000,20.360000,0.067000
500000,0.027000,126.911000,0.130000
