Taille,Temps Insertion,Temps Recherche,Temps Suppression
100,0.000000,0.000000,0.000000
500,0.000000,0.000000,0.000000
1000,0.000000,0.000000,0.000000
5000,0.001000,0.026000,0.000000
10000,0.000000,0.128000,0.000000
20000,0.009000,0.256000,0.000000
50000,0.000000,1.443000,0.000000
100000,0.009000,4.787000,0.000000
200000,0.008000,17.574000,0.000000
500000,0.033000,99.901000,0.008000
