Taille,Temps de tri (s)
1000,0.003000
5000,0.066000
10000,0.241000
50000,5.088000
100000,25.750000
