Taille,Temps de Tri (s)
1000,0.000128
5000,0.000761
10000,0.001032
50000,0.006596
100000,0.018738
