Size,Sort Time (s)
1000,0.000000
5000,0.001000
10000,0.001000
50000,0.010000
100000,0.015000
