Taille,Temps de Tri (s)
1000,0.001000
5000,0.001000
10000,0.003000
50000,0.013000
100000,0.028000
