Taille,Temps de Tri (s)
1000,0.000000
5000,0.001000
10000,0.002000
50000,0.016000
100000,0.032000
