Taille,Temps de Tri (s)
1000,0.001
5000,0.002002
10000,0.004001
50000,0.023511
100000,0.057001
