Taille,Temps de Tri (s)
1000,0.000000
5000,0.000000
10000,0.004000
50000,0.012000
100000,0.033000
