Taille,Temps Insertion,Temps Recherche,Temps Suppression
100,0.000000,0.000000,0.000000
500,0.001000,0.001000,0.000000
1000,0.001000,0.001000,0.000000
5000,0.031000,0.018000,0.000000
10000,0.117000,0.057000,0.002000
20000,0.457000,0.181000,0.003000
50000,3.364000,1.085000,0.008000
100000,15.871000,5.213000,0.037000
200000,70.271000,18.851000,0.083000
500000,410.888000,96.675000,0.251000
