Taille,temps insertion,temps recherche,temps suppression
100  0.000000  1.000000  52.000000 
500  2.000000  4.000000  40.000000 
1000  2.000000  4.000000  111.000000 
15000  472.000000  21.000000  1624.000000 
20000  873.000000  111.000000  2015.000000 
25000  1269.000000  153.000000  2405.000000 
30000  1873.000000  161.000000  2926.000000 
