Taille,Temps Insertion,Temps Recherche,Temps Suppression
100,0.000000,0.000000,0.000000
500,0.000000,0.000000,0.000000
1000,0.000000,0.000000,0.000000
5000,0.000000,0.029000,0.000000
10000,0.000000,0.107000,0.000000
20000,0.000000,0.235000,0.008000
50000,0.000000,1.552000,0.008000
100000,0.008000,5.194000,0.033000
200000,0.016000,19.195000,0.074000
500000,0.048000,105.163000,0.146000
