Taille,Temps Insertion,Temps Recherche,Temps Suppression
100,0.000000,0.000000,0.000000
500,0.000000,0.000000,0.000000
1000,0.001000,0.002000,0.000000
5000,0.030000,0.018000,0.001000
10000,0.120000,0.054000,0.001000
20000,0.464000,0.179000,0.003000
50000,3.062000,1.177000,0.010000
100000,12.004000,5.330000,0.024000
200000,69.081000,18.569000,0.043000
500000,435.048000,84.145000,0.126000
