Taille,Temps de Tri (s)
1000,0.000000
5000,0.008000
10000,0.000000
50000,0.024000
100000,0.049000
