Taille,Temps de tri (s)
1000,0.002000
5000,0.052000
10000,0.191000
50000,4.752000
100000,18.484000
