Taille,Temps de Tri (s)
1000,0.000000
5000,0.002000
10000,0.003000
50000,0.014000
100000,0.022000
