Taille des Données (n), Temps d'Execution (secondes)
11, 0.000000
17, 0.000000
77, 12.000000
100, 29.000000