Taille des Données (n), Temps d'Execution (secondes)
11, 0.000000
50 , 7.000000
77, 29.000000
100, 24.000000
150 , 217.000000
